Company Name,Social Links/LinkeIn,complaintsTotal,date,rating,reviewsTotal,totalClosedComplaintsPastThreeYears,totalClosedComplaintsPastTwelveMonths
"Avant, LLC",https://www.linkedin.com/company/avant-us/,1159,3/19/24,1,254,1159,258
"Avant, LLC",https://www.linkedin.com/company/avant-us/,1159,2/29/24,1,254,1159,258
"Avant, LLC",https://www.linkedin.com/company/avant-us/,1159,2/26/24,1,254,1159,258
"Avant, LLC",https://www.linkedin.com/company/avant-us/,1159,2/19/24,1,254,1159,258
"Avant, LLC",https://www.linkedin.com/company/avant-us/,1159,2/17/24,1,254,1159,258
"Avant, LLC",https://www.linkedin.com/company/avant-us/,1159,2/16/24,1,254,1159,258
"Avant, LLC",https://www.linkedin.com/company/avant-us/,1159,2/12/24,1,254,1159,258
"Avant, LLC",https://www.linkedin.com/company/avant-us/,1159,2/8/24,1,254,1159,258
"Avant, LLC",https://www.linkedin.com/company/avant-us/,1159,1/29/24,1,254,1159,258
"Avant, LLC",https://www.linkedin.com/company/avant-us/,1159,1/25/24,1,254,1159,258
"Avant, LLC",https://www.linkedin.com/company/avant-us/,1159,1/21/24,1,254,1159,258
"Avant, LLC",https://www.linkedin.com/company/avant-us/,1159,1/20/24,1,254,1159,258
"Avant, LLC",https://www.linkedin.com/company/avant-us/,1159,1/19/24,1,254,1159,258
"Avant, LLC",https://www.linkedin.com/company/avant-us/,1159,1/18/24,1,254,1159,258
"Avant, LLC",https://www.linkedin.com/company/avant-us/,1159,1/9/24,1,254,1159,258
"Avant, LLC",https://www.linkedin.com/company/avant-us/,1159,1/3/24,1,254,1159,258
"Avant, LLC",https://www.linkedin.com/company/avant-us/,1159,12/28/23,1,254,1159,258
"Avant, LLC",https://www.linkedin.com/company/avant-us/,1159,12/27/23,1,254,1159,258
"Avant, LLC",https://www.linkedin.com/company/avant-us/,1159,12/26/23,1,254,1159,258
"Avant, LLC",https://www.linkedin.com/company/avant-us/,1159,12/8/23,1,254,1159,258
"Avant, LLC",https://www.linkedin.com/company/avant-us/,1159,12/2/23,1,254,1159,258
"Avant, LLC",https://www.linkedin.com/company/avant-us/,1159,12/1/23,1,254,1159,258
"Avant, LLC",https://www.linkedin.com/company/avant-us/,1159,11/25/23,1,254,1159,258
"Avant, LLC",https://www.linkedin.com/company/avant-us/,1159,11/13/23,1,254,1159,258
"Avant, LLC",https://www.linkedin.com/company/avant-us/,1159,11/13/23,1,254,1159,258
"Avant, LLC",https://www.linkedin.com/company/avant-us/,1159,11/6/23,1,254,1159,258
"Avant, LLC",https://www.linkedin.com/company/avant-us/,1159,11/3/23,1,254,1159,258
"Avant, LLC",https://www.linkedin.com/company/avant-us/,1159,10/31/23,1,254,1159,258
"Avant, LLC",https://www.linkedin.com/company/avant-us/,1159,10/29/23,1,254,1159,258
"Avant, LLC",https://www.linkedin.com/company/avant-us/,1159,10/25/23,1,254,1159,258
"Avant, LLC",https://www.linkedin.com/company/avant-us/,1159,10/17/23,1,254,1159,258
"Avant, LLC",https://www.linkedin.com/company/avant-us/,1159,10/16/23,1,254,1159,258
"Avant, LLC",https://www.linkedin.com/company/avant-us/,1159,10/13/23,1,254,1159,258
"Avant, LLC",https://www.linkedin.com/company/avant-us/,1159,10/11/23,1,254,1159,258
"Avant, LLC",https://www.linkedin.com/company/avant-us/,1159,10/8/23,1,254,1159,258
"Avant, LLC",https://www.linkedin.com/company/avant-us/,1159,10/6/23,1,254,1159,258
"Avant, LLC",https://www.linkedin.com/company/avant-us/,1159,9/27/23,1,254,1159,258
"Avant, LLC",https://www.linkedin.com/company/avant-us/,1159,9/17/23,1,254,1159,258
"Avant, LLC",https://www.linkedin.com/company/avant-us/,1159,9/17/23,1,254,1159,258
"Avant, LLC",https://www.linkedin.com/company/avant-us/,1159,9/16/23,1,254,1159,258
"Avant, LLC",https://www.linkedin.com/company/avant-us/,1159,9/15/23,1,254,1159,258
"Avant, LLC",https://www.linkedin.com/company/avant-us/,1159,9/13/23,1,254,1159,258
"Avant, LLC",https://www.linkedin.com/company/avant-us/,1159,9/8/23,1,254,1159,258
"Avant, LLC",https://www.linkedin.com/company/avant-us/,1159,9/7/23,1,254,1159,258
"Avant, LLC",https://www.linkedin.com/company/avant-us/,1159,8/30/23,1,254,1159,258
"Avant, LLC",https://www.linkedin.com/company/avant-us/,1159,8/20/23,1,254,1159,258
"Avant, LLC",https://www.linkedin.com/company/avant-us/,1159,8/18/23,1,254,1159,258
"Avant, LLC",https://www.linkedin.com/company/avant-us/,1159,8/17/23,1,254,1159,258
"Avant, LLC",https://www.linkedin.com/company/avant-us/,1159,8/16/23,1,254,1159,258
"Avant, LLC",https://www.linkedin.com/company/avant-us/,1159,8/12/23,1,254,1159,258
"Avant, LLC",https://www.linkedin.com/company/avant-us/,1159,8/11/23,1,254,1159,258
"Avant, LLC",https://www.linkedin.com/company/avant-us/,1159,8/6/23,1,254,1159,258
"Avant, LLC",https://www.linkedin.com/company/avant-us/,1159,8/5/23,1,254,1159,258
"Avant, LLC",https://www.linkedin.com/company/avant-us/,1159,7/24/23,1,254,1159,258
"Avant, LLC",https://www.linkedin.com/company/avant-us/,1159,7/7/23,1,254,1159,258
"Avant, LLC",https://www.linkedin.com/company/avant-us/,1159,7/5/23,1,254,1159,258
"Avant, LLC",https://www.linkedin.com/company/avant-us/,1159,7/5/23,1,254,1159,258
"Avant, LLC",https://www.linkedin.com/company/avant-us/,1159,7/3/23,1,254,1159,258
"Avant, LLC",https://www.linkedin.com/company/avant-us/,1159,6/22/23,1,254,1159,258
"Avant, LLC",https://www.linkedin.com/company/avant-us/,1159,6/21/23,1,254,1159,258
"Avant, LLC",https://www.linkedin.com/company/avant-us/,1159,6/20/23,1,254,1159,258
"Avant, LLC",https://www.linkedin.com/company/avant-us/,1159,6/20/23,1,254,1159,258
"Avant, LLC",https://www.linkedin.com/company/avant-us/,1159,6/6/23,1,254,1159,258
"Avant, LLC",https://www.linkedin.com/company/avant-us/,1159,6/3/23,1,254,1159,258
"Avant, LLC",https://www.linkedin.com/company/avant-us/,1159,6/1/23,1,254,1159,258
"Avant, LLC",https://www.linkedin.com/company/avant-us/,1159,5/31/23,1,254,1159,258
"Avant, LLC",https://www.linkedin.com/company/avant-us/,1159,5/30/23,1,254,1159,258
"Avant, LLC",https://www.linkedin.com/company/avant-us/,1159,5/24/23,1,254,1159,258
"Avant, LLC",https://www.linkedin.com/company/avant-us/,1159,5/23/23,2,254,1159,258
"Avant, LLC",https://www.linkedin.com/company/avant-us/,1159,5/19/23,1,254,1159,258
"Avant, LLC",https://www.linkedin.com/company/avant-us/,1159,5/11/23,1,254,1159,258
"Avant, LLC",https://www.linkedin.com/company/avant-us/,1159,5/10/23,1,254,1159,258
"Avant, LLC",https://www.linkedin.com/company/avant-us/,1159,5/9/23,1,254,1159,258
"Avant, LLC",https://www.linkedin.com/company/avant-us/,1159,5/9/23,1,254,1159,258
"Avant, LLC",https://www.linkedin.com/company/avant-us/,1159,5/8/23,1,254,1159,258
"Avant, LLC",https://www.linkedin.com/company/avant-us/,1159,5/7/23,1,254,1159,258
"Avant, LLC",https://www.linkedin.com/company/avant-us/,1159,5/1/23,1,254,1159,258
"Avant, LLC",https://www.linkedin.com/company/avant-us/,1159,4/27/23,2,254,1159,258
"Avant, LLC",https://www.linkedin.com/company/avant-us/,1159,4/19/23,1,254,1159,258
"Avant, LLC",https://www.linkedin.com/company/avant-us/,1159,4/18/23,1,254,1159,258
"Avant, LLC",https://www.linkedin.com/company/avant-us/,1159,4/13/23,1,254,1159,258
"Avant, LLC",https://www.linkedin.com/company/avant-us/,1159,4/13/23,1,254,1159,258
"Avant, LLC",https://www.linkedin.com/company/avant-us/,1159,4/12/23,1,254,1159,258
"Avant, LLC",https://www.linkedin.com/company/avant-us/,1159,4/10/23,1,254,1159,258
"Avant, LLC",https://www.linkedin.com/company/avant-us/,1159,3/31/23,1,254,1159,258
"Avant, LLC",https://www.linkedin.com/company/avant-us/,1159,3/30/23,1,254,1159,258
"Avant, LLC",https://www.linkedin.com/company/avant-us/,1159,3/15/23,1,254,1159,258
"Avant, LLC",https://www.linkedin.com/company/avant-us/,1159,3/11/23,1,254,1159,258
"Avant, LLC",https://www.linkedin.com/company/avant-us/,1159,3/10/23,1,254,1159,258
"Avant, LLC",https://www.linkedin.com/company/avant-us/,1159,3/7/23,1,254,1159,258
"Avant, LLC",https://www.linkedin.com/company/avant-us/,1159,2/28/23,1,254,1159,258
"Avant, LLC",https://www.linkedin.com/company/avant-us/,1159,2/25/23,1,254,1159,258
"Avant, LLC",https://www.linkedin.com/company/avant-us/,1159,2/24/23,1,254,1159,258
"Avant, LLC",https://www.linkedin.com/company/avant-us/,1159,2/23/23,1,254,1159,258
"Avant, LLC",https://www.linkedin.com/company/avant-us/,1159,2/8/23,1,254,1159,258
"Avant, LLC",https://www.linkedin.com/company/avant-us/,1159,2/1/23,1,254,1159,258
"Avant, LLC",https://www.linkedin.com/company/avant-us/,1159,2/1/23,1,254,1159,258
"Avant, LLC",https://www.linkedin.com/company/avant-us/,1159,1/26/23,1,254,1159,258
"Avant, LLC",https://www.linkedin.com/company/avant-us/,1159,1/20/23,1,254,1159,258
"Avant, LLC",https://www.linkedin.com/company/avant-us/,1159,1/20/23,1,254,1159,258
"Avant, LLC",https://www.linkedin.com/company/avant-us/,1159,1/17/23,1,254,1159,258
"Avant, LLC",https://www.linkedin.com/company/avant-us/,1159,1/16/23,1,254,1159,258
"Avant, LLC",https://www.linkedin.com/company/avant-us/,1159,1/16/23,1,254,1159,258
"Avant, LLC",https://www.linkedin.com/company/avant-us/,1159,1/14/23,1,254,1159,258
"Avant, LLC",https://www.linkedin.com/company/avant-us/,1159,1/7/23,1,254,1159,258
"Avant, LLC",https://www.linkedin.com/company/avant-us/,1159,1/3/23,1,254,1159,258
"Avant, LLC",https://www.linkedin.com/company/avant-us/,1159,12/30/22,1,254,1159,258
"Avant, LLC",https://www.linkedin.com/company/avant-us/,1159,12/28/22,1,254,1159,258
"Avant, LLC",https://www.linkedin.com/company/avant-us/,1159,12/20/22,2,254,1159,258
"Avant, LLC",https://www.linkedin.com/company/avant-us/,1159,12/7/22,1,254,1159,258
"Avant, LLC",https://www.linkedin.com/company/avant-us/,1159,12/6/22,1,254,1159,258
"Avant, LLC",https://www.linkedin.com/company/avant-us/,1159,12/6/22,1,254,1159,258
"Avant, LLC",https://www.linkedin.com/company/avant-us/,1159,12/5/22,1,254,1159,258
"Avant, LLC",https://www.linkedin.com/company/avant-us/,1159,12/1/22,1,254,1159,258
"Avant, LLC",https://www.linkedin.com/company/avant-us/,1159,11/30/22,1,254,1159,258
"Avant, LLC",https://www.linkedin.com/company/avant-us/,1159,11/21/22,1,254,1159,258
"Avant, LLC",https://www.linkedin.com/company/avant-us/,1159,11/18/22,1,254,1159,258
"Avant, LLC",https://www.linkedin.com/company/avant-us/,1159,11/16/22,1,254,1159,258
"Avant, LLC",https://www.linkedin.com/company/avant-us/,1159,11/15/22,2,254,1159,258
"Avant, LLC",https://www.linkedin.com/company/avant-us/,1159,11/11/22,1,254,1159,258
"Avant, LLC",https://www.linkedin.com/company/avant-us/,1159,11/8/22,1,254,1159,258
"Avant, LLC",https://www.linkedin.com/company/avant-us/,1159,11/7/22,1,254,1159,258
"Avant, LLC",https://www.linkedin.com/company/avant-us/,1159,11/5/22,1,254,1159,258
"Avant, LLC",https://www.linkedin.com/company/avant-us/,1159,11/5/22,1,254,1159,258
"Avant, LLC",https://www.linkedin.com/company/avant-us/,1159,11/3/22,2,254,1159,258
"Avant, LLC",https://www.linkedin.com/company/avant-us/,1159,11/3/22,1,254,1159,258
"Avant, LLC",https://www.linkedin.com/company/avant-us/,1159,11/3/22,1,254,1159,258
"Avant, LLC",https://www.linkedin.com/company/avant-us/,1159,11/2/22,1,254,1159,258
"Avant, LLC",https://www.linkedin.com/company/avant-us/,1159,11/2/22,1,254,1159,258
"Avant, LLC",https://www.linkedin.com/company/avant-us/,1159,11/2/22,1,254,1159,258
"Avant, LLC",https://www.linkedin.com/company/avant-us/,1159,11/1/22,1,254,1159,258
"Avant, LLC",https://www.linkedin.com/company/avant-us/,1159,10/27/22,1,254,1159,258
"Avant, LLC",https://www.linkedin.com/company/avant-us/,1159,10/26/22,1,254,1159,258
"Avant, LLC",https://www.linkedin.com/company/avant-us/,1159,10/25/22,1,254,1159,258
"Avant, LLC",https://www.linkedin.com/company/avant-us/,1159,10/25/22,1,254,1159,258
"Avant, LLC",https://www.linkedin.com/company/avant-us/,1159,10/23/22,1,254,1159,258
"Avant, LLC",https://www.linkedin.com/company/avant-us/,1159,10/22/22,1,254,1159,258
"Avant, LLC",https://www.linkedin.com/company/avant-us/,1159,10/22/22,1,254,1159,258
"Avant, LLC",https://www.linkedin.com/company/avant-us/,1159,10/22/22,1,254,1159,258
"Avant, LLC",https://www.linkedin.com/company/avant-us/,1159,10/21/22,1,254,1159,258
"Avant, LLC",https://www.linkedin.com/company/avant-us/,1159,10/21/22,1,254,1159,258
"Avant, LLC",https://www.linkedin.com/company/avant-us/,1159,10/19/22,1,254,1159,258
"Avant, LLC",https://www.linkedin.com/company/avant-us/,1159,10/19/22,1,254,1159,258
"Avant, LLC",https://www.linkedin.com/company/avant-us/,1159,10/19/22,1,254,1159,258
"Avant, LLC",https://www.linkedin.com/company/avant-us/,1159,10/3/22,1,254,1159,258
"Avant, LLC",https://www.linkedin.com/company/avant-us/,1159,9/21/22,1,254,1159,258
"Avant, LLC",https://www.linkedin.com/company/avant-us/,1159,9/7/22,1,254,1159,258
"Avant, LLC",https://www.linkedin.com/company/avant-us/,1159,8/23/22,1,254,1159,258
"Avant, LLC",https://www.linkedin.com/company/avant-us/,1159,8/20/22,1,254,1159,258
"Avant, LLC",https://www.linkedin.com/company/avant-us/,1159,8/20/22,1,254,1159,258
"Avant, LLC",https://www.linkedin.com/company/avant-us/,1159,8/17/22,1,254,1159,258
"Avant, LLC",https://www.linkedin.com/company/avant-us/,1159,8/16/22,1,254,1159,258
"Avant, LLC",https://www.linkedin.com/company/avant-us/,1159,8/14/22,1,254,1159,258
"Avant, LLC",https://www.linkedin.com/company/avant-us/,1159,8/13/22,1,254,1159,258
"Avant, LLC",https://www.linkedin.com/company/avant-us/,1159,8/9/22,1,254,1159,258
"Avant, LLC",https://www.linkedin.com/company/avant-us/,1159,8/8/22,1,254,1159,258
"Avant, LLC",https://www.linkedin.com/company/avant-us/,1159,8/7/22,1,254,1159,258
"Avant, LLC",https://www.linkedin.com/company/avant-us/,1159,8/6/22,1,254,1159,258
"Avant, LLC",https://www.linkedin.com/company/avant-us/,1159,7/29/22,1,254,1159,258
"Avant, LLC",https://www.linkedin.com/company/avant-us/,1159,7/26/22,1,254,1159,258
"Avant, LLC",https://www.linkedin.com/company/avant-us/,1159,7/25/22,1,254,1159,258
"Avant, LLC",https://www.linkedin.com/company/avant-us/,1159,7/24/22,1,254,1159,258
"Avant, LLC",https://www.linkedin.com/company/avant-us/,1159,7/20/22,1,254,1159,258
"Avant, LLC",https://www.linkedin.com/company/avant-us/,1159,7/16/22,1,254,1159,258
"Avant, LLC",https://www.linkedin.com/company/avant-us/,1159,7/15/22,1,254,1159,258
"Avant, LLC",https://www.linkedin.com/company/avant-us/,1159,7/15/22,1,254,1159,258
"Avant, LLC",https://www.linkedin.com/company/avant-us/,1159,7/15/22,5,254,1159,258
"Avant, LLC",https://www.linkedin.com/company/avant-us/,1159,7/14/22,1,254,1159,258
"Avant, LLC",https://www.linkedin.com/company/avant-us/,1159,7/13/22,1,254,1159,258
"Avant, LLC",https://www.linkedin.com/company/avant-us/,1159,7/13/22,1,254,1159,258
"Avant, LLC",https://www.linkedin.com/company/avant-us/,1159,7/11/22,1,254,1159,258
"Avant, LLC",https://www.linkedin.com/company/avant-us/,1159,7/11/22,1,254,1159,258
"Avant, LLC",https://www.linkedin.com/company/avant-us/,1159,7/11/22,4,254,1159,258
"Avant, LLC",https://www.linkedin.com/company/avant-us/,1159,7/11/22,1,254,1159,258
"Avant, LLC",https://www.linkedin.com/company/avant-us/,1159,7/9/22,1,254,1159,258
"Avant, LLC",https://www.linkedin.com/company/avant-us/,1159,7/9/22,2,254,1159,258
"Avant, LLC",https://www.linkedin.com/company/avant-us/,1159,7/8/22,1,254,1159,258
"Avant, LLC",https://www.linkedin.com/company/avant-us/,1159,7/8/22,1,254,1159,258
"Avant, LLC",https://www.linkedin.com/company/avant-us/,1159,7/6/22,1,254,1159,258
"Avant, LLC",https://www.linkedin.com/company/avant-us/,1159,7/5/22,1,254,1159,258
"Avant, LLC",https://www.linkedin.com/company/avant-us/,1159,7/2/22,1,254,1159,258
"Avant, LLC",https://www.linkedin.com/company/avant-us/,1159,7/2/22,1,254,1159,258
"Avant, LLC",https://www.linkedin.com/company/avant-us/,1159,6/24/22,1,254,1159,258
"Avant, LLC",https://www.linkedin.com/company/avant-us/,1159,6/22/22,1,254,1159,258
"Avant, LLC",https://www.linkedin.com/company/avant-us/,1159,6/16/22,1,254,1159,258
"Avant, LLC",https://www.linkedin.com/company/avant-us/,1159,6/13/22,1,254,1159,258
"Avant, LLC",https://www.linkedin.com/company/avant-us/,1159,6/13/22,1,254,1159,258
"Avant, LLC",https://www.linkedin.com/company/avant-us/,1159,6/13/22,1,254,1159,258
"Avant, LLC",https://www.linkedin.com/company/avant-us/,1159,6/1/22,1,254,1159,258
"Avant, LLC",https://www.linkedin.com/company/avant-us/,1159,5/31/22,1,254,1159,258
"Avant, LLC",https://www.linkedin.com/company/avant-us/,1159,5/31/22,1,254,1159,258
"Avant, LLC",https://www.linkedin.com/company/avant-us/,1159,5/27/22,1,254,1159,258
"Avant, LLC",https://www.linkedin.com/company/avant-us/,1159,5/25/22,1,254,1159,258
"Avant, LLC",https://www.linkedin.com/company/avant-us/,1159,5/22/22,1,254,1159,258
"Avant, LLC",https://www.linkedin.com/company/avant-us/,1159,5/22/22,1,254,1159,258
"Avant, LLC",https://www.linkedin.com/company/avant-us/,1159,5/19/22,1,254,1159,258
"Avant, LLC",https://www.linkedin.com/company/avant-us/,1159,5/16/22,1,254,1159,258
"Avant, LLC",https://www.linkedin.com/company/avant-us/,1159,5/15/22,1,254,1159,258
"Avant, LLC",https://www.linkedin.com/company/avant-us/,1159,5/8/22,1,254,1159,258
"Avant, LLC",https://www.linkedin.com/company/avant-us/,1159,5/6/22,1,254,1159,258
"Avant, LLC",https://www.linkedin.com/company/avant-us/,1159,5/2/22,1,254,1159,258
"Avant, LLC",https://www.linkedin.com/company/avant-us/,1159,4/26/22,1,254,1159,258
"Avant, LLC",https://www.linkedin.com/company/avant-us/,1159,4/12/22,1,254,1159,258
"Avant, LLC",https://www.linkedin.com/company/avant-us/,1159,4/12/22,1,254,1159,258
"Avant, LLC",https://www.linkedin.com/company/avant-us/,1159,4/10/22,1,254,1159,258
"Avant, LLC",https://www.linkedin.com/company/avant-us/,1159,4/5/22,1,254,1159,258
"Avant, LLC",https://www.linkedin.com/company/avant-us/,1159,3/25/22,3,254,1159,258
"Avant, LLC",https://www.linkedin.com/company/avant-us/,1159,3/16/22,1,254,1159,258
"Avant, LLC",https://www.linkedin.com/company/avant-us/,1159,3/12/22,1,254,1159,258
"Avant, LLC",https://www.linkedin.com/company/avant-us/,1159,3/6/22,1,254,1159,258
"Avant, LLC",https://www.linkedin.com/company/avant-us/,1159,2/23/22,1,254,1159,258
"Avant, LLC",https://www.linkedin.com/company/avant-us/,1159,1/31/22,1,254,1159,258
"Avant, LLC",https://www.linkedin.com/company/avant-us/,1159,1/19/22,1,254,1159,258
"Avant, LLC",https://www.linkedin.com/company/avant-us/,1159,1/12/22,1,254,1159,258
"Avant, LLC",https://www.linkedin.com/company/avant-us/,1159,1/9/22,1,254,1159,258
"Avant, LLC",https://www.linkedin.com/company/avant-us/,1159,12/22/21,1,254,1159,258
"Avant, LLC",https://www.linkedin.com/company/avant-us/,1159,12/18/21,3,254,1159,258
"Avant, LLC",https://www.linkedin.com/company/avant-us/,1159,12/15/21,1,254,1159,258
"Avant, LLC",https://www.linkedin.com/company/avant-us/,1159,12/10/21,3,254,1159,258
"Avant, LLC",https://www.linkedin.com/company/avant-us/,1159,12/8/21,1,254,1159,258
"Avant, LLC",https://www.linkedin.com/company/avant-us/,1159,12/6/21,1,254,1159,258
"Avant, LLC",https://www.linkedin.com/company/avant-us/,1159,11/29/21,1,254,1159,258
"Avant, LLC",https://www.linkedin.com/company/avant-us/,1159,11/24/21,1,254,1159,258
"Avant, LLC",https://www.linkedin.com/company/avant-us/,1159,11/17/21,1,254,1159,258
"Avant, LLC",https://www.linkedin.com/company/avant-us/,1159,11/15/21,1,254,1159,258
"Avant, LLC",https://www.linkedin.com/company/avant-us/,1159,11/13/21,1,254,1159,258
"Avant, LLC",https://www.linkedin.com/company/avant-us/,1159,11/6/21,1,254,1159,258
"Avant, LLC",https://www.linkedin.com/company/avant-us/,1159,10/22/21,1,254,1159,258
"Avant, LLC",https://www.linkedin.com/company/avant-us/,1159,10/12/21,1,254,1159,258
"Avant, LLC",https://www.linkedin.com/company/avant-us/,1159,10/11/21,1,254,1159,258
"Avant, LLC",https://www.linkedin.com/company/avant-us/,1159,10/5/21,1,254,1159,258
"Avant, LLC",https://www.linkedin.com/company/avant-us/,1159,10/4/21,1,254,1159,258
"Avant, LLC",https://www.linkedin.com/company/avant-us/,1159,9/28/21,1,254,1159,258
"Avant, LLC",https://www.linkedin.com/company/avant-us/,1159,9/11/21,1,254,1159,258
"Avant, LLC",https://www.linkedin.com/company/avant-us/,1159,9/10/21,1,254,1159,258
"Avant, LLC",https://www.linkedin.com/company/avant-us/,1159,8/16/21,1,254,1159,258
"Avant, LLC",https://www.linkedin.com/company/avant-us/,1159,8/11/21,1,254,1159,258
"Avant, LLC",https://www.linkedin.com/company/avant-us/,1159,8/10/21,1,254,1159,258
"Avant, LLC",https://www.linkedin.com/company/avant-us/,1159,7/19/21,1,254,1159,258
"Avant, LLC",https://www.linkedin.com/company/avant-us/,1159,7/1/21,1,254,1159,258
"Avant, LLC",https://www.linkedin.com/company/avant-us/,1159,6/24/21,1,254,1159,258
"Avant, LLC",https://www.linkedin.com/company/avant-us/,1159,6/18/21,1,254,1159,258
"Avant, LLC",https://www.linkedin.com/company/avant-us/,1159,6/16/21,1,254,1159,258
"Avant, LLC",https://www.linkedin.com/company/avant-us/,1159,6/15/21,5,254,1159,258
"Avant, LLC",https://www.linkedin.com/company/avant-us/,1159,6/12/21,1,254,1159,258
"Avant, LLC",https://www.linkedin.com/company/avant-us/,1159,5/19/21,1,254,1159,258
"Avant, LLC",https://www.linkedin.com/company/avant-us/,1159,5/17/21,1,254,1159,258
"Avant, LLC",https://www.linkedin.com/company/avant-us/,1159,5/13/21,1,254,1159,258
"Avant, LLC",https://www.linkedin.com/company/avant-us/,1159,5/11/21,1,254,1159,258
"Avant, LLC",https://www.linkedin.com/company/avant-us/,1159,4/30/21,1,254,1159,258
"Avant, LLC",https://www.linkedin.com/company/avant-us/,1159,4/28/21,1,254,1159,258
"Avant, LLC",https://www.linkedin.com/company/avant-us/,1159,4/27/21,1,254,1159,258
"Avant, LLC",https://www.linkedin.com/company/avant-us/,1159,3/25/21,5,254,1159,258
"Avant, LLC",https://www.linkedin.com/company/avant-us/,1159,3/23/21,3,254,1159,258